"time1, time2"
1727086083.8065903,1727086083.8127072
1727086083.8432617,1727086083.8516676
1727086083.8854759,1727086083.8937323
1727086084.2517292,1727086084.2643542
1727086084.6530108,1727086084.6646352
1727086085.054239,1727086085.071742
1727086085.4524333,1727086085.4676516
